Workbook

Sheet Fig. 1 + 3
A1: Strain | B1: MIC fold-change
A2: Melittin 1.1 | B2: 64
A3: Melittin 1.2 | B3: 32
A4: Melittin 1.3 | B4: 32
A5: Melittin 2.1 | B5: 2
A6: Melittin 2.2 | B6: 2
A7: Melittin 2.3 | B7: 4
A8: Control Melittin 1.1 | B8: 2
A9: Control Melittin 1.2 | B9: 2
A10: Control Melittin 1.3 | B10: 1
A11: Control Melittin 2.1 | B11: 0.5
A12: Control Melittin 2.2 | B12: 0.5
A13: Control Melittin 2.3 | B13: 1
... A109: Control FK20 2.3 | B109: 0.25

Sheet Fig. 4
A1: Treatment | B1: MIC fold-change | C1: Kappa fold-change (n=3) | D1: SD (Kappa)
A2: Melittin | B2: 64 | C2: 0.090544 | D2: 0.085385
A3: Pexiganan | B3: 16 | C3: 0.506907 | D3: 0.215725
A4: CP1 | B4: 128 | C4: 0.32634 | D4: 0.081101
A5: PA13 | B5: 8 | C5: 0.460329 | D5: 0.14738
A6: SLM1 | B6: 8 | C6: 0.332923 | D6: 0.140191
A7: p-FdK5 | B7: 2 | C7: 0.533774 | D7: 0.135967
A8: p-FdK5 20/80 | B8: 4 | C8: 1.27054 | D8: 0.502786
A9: FK20 | B9: 1 | C9: 1.484926 | D9: 0.343552

Sheet Fig. S1A+B
A1: Strain | B1: Lag time | C1: Vmax
A2: Melittin 1.1 | B2: 1.2123894 | C2: 3.3578277
A3: Melittin 1.2 | B3: 0.94368463 | C3: 3.2418016
A4: Melittin 1.3 | B4: 1.5205149 | C4: 3.7777778
A5: Melittin 2.1 | B5: 0.89621883 | C5: 5.312223
A6: Melittin 2.2 | B6: 1.1520515 | C6: 3.9914592
A7: Melittin 2.3 | B7: 0.83185841 | C7: 3.3183466
A8: Pexiganan 1.1 | B8: 2.9975865 | C8: 3.5563613
A9: Pexiganan 1.2 | B9: 3.7522124 | C9: 3.7552171
A10: Pexiganan 1.3 | B10: 1.9292035 | C10: 1.2227862
A11: Pexiganan 2.1 | B11: 1.0474658 | C11: 4.7984852
A12: Pexiganan 2.2 | B12: 1.3974256 | C12: 4.2286681
A13: Pexiganan 2.3 | B13: 1.4119067 | C13: 1.0100717
... A61: Control 2.3 | B61: 0.95897023 | C61: 3.2285875

Sheet Fig. S3
B1: Melittin | I1: Pexiganan | P1: Cecropin P1
A2: Mutation | B2: 1 | C2: 2 | D2: 3 | E2: 4 | F2: 5 | G2: 6 | H2: Mutation | I2: 1 | J2: 2 | K2: 3 | L2: 4 | M2: 5 | N2: 6 | O2: Mutation | P2: 1 | Q2: 2 | R2: 3 | S2: 4 | T2: 5 | U2: 6
A3: none | C3: 32 | H3: none | O3: none | R3: 8
A4: lasR | B4: 64 | D4: 32 | E4: 2 | F4: 2 | G4: 4 | H4: lasR | L4: 8 | M4: 8 | N4: 8 | O4: lasR | P4: 8 | T4: 128
A5: tpbB | B5: 64 | D5: 32 | H5: phoQ | I5: 4 | L5: 8 | M5: 8 | O5: tpbB | P5: 8
A6: oprL | G6: 4 | H6: tpbB | I6: 4 | J6: 16 | K6: 16 | O6: oprL | S6: 8 | T6: 128 | U6: 8
A7: wbpA | D7: 32 | F7: 2 | G7: 4 | H7: oprL | L7: 8 | M7: 8 | N7: 8 | O7: wbpI | Q7: 4
A8: qseC 2 | D8: 32 | H8: wbpA | I8: 4 | O8: sdiA | Q8: 4
H9: wbpI | N9: 8
H10: qseC 2 | K10: 16 | L10: 8
B12: PA-13 | I12: SLM1 | P12: p-FdK5
A13: Mutation | B13: 1 | C13: 2 | D13: 3 | E13: 4 | F13: 5 | G13: 6 | H13: Mutation | I13: 1 | J13: 2 | K13: 3 | L13: 4 | M13: 5 | N13: 6 | O13: Mutation | P13: 1 | Q13: 2 | R13: 3 | S13: 4 | T13: 5 | U13: 6
A14: none | H14: none | O14: none
A15: phoQ | B15: 4 | C15: 4 | D15: 4 | E15: 4 | F15: 8 | G15: 2 | H15: lasR | I15: 4 | J15: 8 | L15: 4 | N15: 8 | O15: lasR | P15: 2 | Q15: 2 | R15: 2 | T15: 1 | U15: 1
A16: tpbB | B16: 4 | C16: 4 | D16: 4 | H16: phoQ | I16: 4 | J16: 8 | K16: 4 | L16: 4 | M16: 4 | N16: 8 | O16: phoQ | Q16: 2 | R16: 2 | T16: 1 | U16: 1
A17: oprL | E17: 4 | F17: 8 | G17: 2 | H17: tpbB | I17: 4 | J17: 8 | K17: 4 | O17: tpbB | P17: 2 | Q17: 2 | R17: 2
A18: wbpI | E18: 4 | H18: oprL | L18: 4 | M18: 4 | N18: 8 | O18: oprL | T18: 1
H19: wbpA | L19: 4 | M19: 4 | N19: 8 | O19: wbpA | T19: 1
H20: wbpL | J20: 8 | O20: wbpL | S20: 2
H21: ttgR | K21: 4 | L21: 4 | O21: qseC 2 | S21: 2
H22: sdiA | M22: 4 | O22: cheB 2 | S22: 2
H23: aguA 1 | N23: 8 | O23: ptsP | R23: 2
B25: p-FdK5 20/80 | I25: FK20
A26: Mutation | B26: 1 | C26: 2 | D26: 3 | E26: 4 | F26: 5 | G26: 6 | H26: Mutation | I26: 1 | J26: 2 | K26: 3 | L26: 4 | M26: 5 | N26: 6
A27: none | H27: none
A28: lasR | C28: 2 | D28: 4 | E28: 2 | F28: 1 | G28: 1 | H28: phoQ | J28: 1 | L28: 0.5 | M28: 0.5 | N28: 0.5
A29: phoQ | B29: 2 | C29: 2 | D29: 4 | E29: 2 | F29: 1 | G29: 1 | H29: tpbB | I29: 0.5 | J29: 1
A30: tpbB | B30: 2 | C30: 2 | D30: 4 | H30: oprL | L30: 0.5 | M30: 0.5 | N30: 0.5
A31: oprL | E31: 2 | H31: wbpA | K31: 1 | M31: 0.5
A32: wbpA | G32: 1 | H32: mexR | I32: 0.5
A33: wbpL | D33: 4 | E33: 2 | H33: caiC | L33: 0.5
A34: htpX 1 | D34: 4
A35: ptsP | B35: 2

Sheet Fig. S4
A1: Strain | B1: MIC fold-change
A2: Control Melittin 1.1 | B2: 2
A3: Control Melittin 1.2 | B3: 2
A4: Control Melittin 1.3 | B4: 1
A5: Control Melittin 2.1 | B5: 0.5
A6: Control Melittin 2.2 | B6: 0.5
A7: Control Melittin 2.3 | B7: 1
A8: Control Pexiganan 1.1 | B8: 1
A9: Control Pexiganan 1.2 | B9: 1
A10: Control Pexiganan 1.3 | B10: 1
A11: Control Pexiganan 2.1 | B11: 1
A12: Control Pexiganan 2.2 | B12: 2
A13: Control Pexiganan 2.3 | B13: 1
... A55: Control FK20 2.3 | B55: 0.25

Sheet Fig. S5
A1: Strain | B1: MIC fold-change (x1000)
A2: Melittin 1.1 | B2: ='Fig. 1 + 3'!B2*1000 -> 64000
A3: Melittin 1.2 | B3: ='Fig. 1 + 3'!B3*1000 -> 32000
A4: Melittin 1.3 | B4: ='Fig. 1 + 3'!B4*1000 -> 32000
A5: Melittin 2.1 | B5: ='Fig. 1 + 3'!B5*1000 -> 2000
A6: Melittin 2.2 | B6: ='Fig. 1 + 3'!B6*1000 -> 2000
A7: Melittin 2.3 | B7: ='Fig. 1 + 3'!B7*1000 -> 4000
A8: Control Melittin 1.1 | B8: ='Fig. 1 + 3'!B8*1000 -> 2000
A9: Control Melittin 1.2 | B9: ='Fig. 1 + 3'!B9*1000 -> 2000
A10: Control Melittin 1.3 | B10: ='Fig. 1 + 3'!B10*1000 -> 1000
A11: Control Melittin 2.1 | B11: ='Fig. 1 + 3'!B11*1000 -> 500
A12: Control Melittin 2.2 | B12: ='Fig. 1 + 3'!B12*1000 -> 500
A13: Control Melittin 2.3 | B13: ='Fig. 1 + 3'!B13*1000 -> 1000
... A109: Control FK20 2.3 | B109: ='Fig. 1 + 3'!B109*1000 -> 250

Sheet Fig. S6
A1: Strain | B1: Lag time fold-change (x100)
A2: Melittin 1.1 | B2: ='Fig. S1A+B'!B2*100 -> 121.23894
A3: Melittin 1.2 | B3: ='Fig. S1A+B'!B3*100 -> 94.368463
A4: Melittin 1.3 | B4: ='Fig. S1A+B'!B4*100 -> 152.05149
A5: Melittin 2.1 | B5: ='Fig. S1A+B'!B5*100 -> 89.621882
A6: Melittin 2.2 | B6: ='Fig. S1A+B'!B6*100 -> 115.20515
A7: Melittin 2.3 | B7: ='Fig. S1A+B'!B7*100 -> 83.185841
A8: Pexiganan 1.1 | B8: ='Fig. S1A+B'!B8*100 -> 299.75865
A9: Pexiganan 1.2 | B9: ='Fig. S1A+B'!B9*100 -> 375.22124
A10: Pexiganan 1.3 | B10: ='Fig. S1A+B'!B10*100 -> 192.92035
A11: Pexiganan 2.1 | B11: ='Fig. S1A+B'!B11*100 -> 104.74658
A12: Pexiganan 2.2 | B12: ='Fig. S1A+B'!B12*100 -> 139.74256
A13: Pexiganan 2.3 | B13: ='Fig. S1A+B'!B13*100 -> 141.19067
... A61: Control 2.3 | B61: ='Fig. S1A+B'!B61*100 -> 95.897023

Sheet Fig. S7
A1: Strain | B1: Vmax fold-change
A2: Melittin 1.1 | B2: 3.3578277
A3: Melittin 1.2 | B3: 3.2418016
A4: Melittin 1.3 | B4: 3.7777778
A5: Melittin 2.1 | B5: 5.312223
A6: Melittin 2.2 | B6: 3.9914592
A7: Melittin 2.3 | B7: 3.3183466
A8: Pexiganan 1.1 | B8: 3.5563613
A9: Pexiganan 1.2 | B9: 3.7552171
A10: Pexiganan 1.3 | B10: 1.2227862
A11: Pexiganan 2.1 | B11: 4.7984852
A12: Pexiganan 2.2 | B12: 4.2286681
A13: Pexiganan 2.3 | B13: 1.0100717
... A61: Control 2.3 | B61: 3.2285875

Sheet Fig. S8
A1: Strain | B1: tpbB | C1: MIC_melittin | D1: MIC_pexiganan | E1: MIC_cecropin P1 | F1: MIC_PA-13 | G1: MIC_FK20 | H1: MIC_SLM1 | I1: MIC_SLM3 | J1: MIC_p-FdK5 | K1: MIC_p-FdK5 20/80
A2: Melittin 1.1 | B2: 1 | C2: 64 | D2: 8 | E2: 512 | F2: 4 | G2: 1 | H2: NA | I2: NA | J2: NA | K2: NA
A3: Melittin 1.2 | B3: 0 | C3: 32 | D3: 8 | E3: 512 | F3: 8 | G3: 1 | H3: NA | I3: NA | J3: NA | K3: NA
A4: Melittin 1.3 | B4: 1 | C4: 32 | D4: 16 | E4: 1024 | F4: 8 | G4: 1 | H4: NA | I4: NA | J4: NA | K4: NA
A5: Melittin 2.1 | B5: 0 | C5: 2 | D5: 1 | E5: 8 | F5: 4 | G5: 0.5 | H5: NA | I5: NA | J5: NA | K5: NA
A6: Melittin 2.2 | B6: 0 | C6: 2 | D6: 2 | E6: 4 | F6: 0.5 | G6: 0.25 | H6: NA | I6: NA | J6: NA | K6: NA
A7: Melittin 2.3 | B7: 0 | C7: 4 | D7: 2 | E7: 8 | F7: 2 | G7: 0.5 | H7: NA | I7: NA | J7: NA | K7: NA
A8: Pexiganan 1.1 | B8: 1 | C8: 4 | D8: 4 | E8: 1024 | F8: 2 | G8: 0.5 | H8: NA | I8: NA | J8: NA | K8: NA
A9: Pexiganan 1.2 | B9: 1 | C9: 16 | D9: 16 | E9: 1024 | F9: 8 | G9: 1 | H9: NA | I9: NA | J9: NA | K9: NA
A10: Pexiganan 1.3 | B10: 1 | C10: 32 | D10: 16 | E10: 512 | F10: 8 | G10: 1 | H10: NA | I10: NA | J10: NA | K10: NA
A11: Pexiganan 2.1 | B11: 0 | C11: 16 | D11: 8 | E11: 512 | F11: 4 | G11: 0.5 | H11: NA | I11: NA | J11: NA | K11: NA
A12: Pexiganan 2.2 | B12: 0 | C12: 16 | D12: 8 | E12: 128 | F12: 4 | G12: 0.5 | H12: NA | I12: NA | J12: NA | K12: NA
A13: Pexiganan 2.3 | B13: 0 | C13: 16 | D13: 8 | E13: 256 | F13: 4 | G13: 1 | H13: NA | I13: NA | J13: NA | K13: NA
... A25: PA-13 2.3 | B25: 0 | C25: 4 | D25: 1 | E25: 4 | F25: 2 | G25: 0.25 | H25: NA | I25: NA | J25: NA | K25: NA
A26: SLM1 1.1 | B26: 1 | C26: NA | D26: NA | E26: NA | F26: NA | G26: NA | H26: 4 | I26: 8 | J26: 16 | K26: 8
A27: SLM1 1.2 | B27: 1 | C27: NA | D27: NA | E27: NA | F27: NA | G27: NA | H27: 8 | I27: 8 | J27: 8 | K27: 4
A28: SLM1 1.3 | B28: 1 | C28: NA | D28: NA | E28: NA | F28: NA | G28: NA | H28: 4 | I28: 4 | J28: 4 | K28: 4
A29: SLM1 2.1 | B29: 0 | C29: NA | D29: NA | E29: NA | F29: NA | G29: NA | H29: 4 | I29: 8 | J29: 1 | K29: 2
A30: SLM1 2.2 | B30: 0 | C30: NA | D30: NA | E30: NA | F30: NA | G30: NA | H30: 4 | I30: 8 | J30: 1 | K30: 2
A31: SLM1 2.3 | B31: 0 | C31: NA | D31: NA | E31: NA | F31: NA | G31: NA | H31: 8 | I31: 8 | J31: 1 | K31: 2
A32: FK20 1.1 | B32: 1 | C32: 0.5 | D32: 1 | E32: 2 | F32: 4 | G32: 0.5 | H32: NA | I32: NA | J32: NA | K32: NA
A33: FK20 1.2 | B33: 1 | C33: 2 | D33: 1 | E33: 8 | F33: 8 | G33: 1 | H33: NA | I33: NA | J33: NA | K33: NA
A34: FK20 1.3 | B34: 0 | C34: 1 | D34: 2 | E34: 4 | F34: 8 | G34: 1 | H34: NA | I34: NA | J34: NA | K34: NA
A35: FK20 2.1 | B35: 0 | C35: 4 | D35: 2 | E35: 8 | F35: 2 | G35: 0.5 | H35: NA | I35: NA | J35: NA | K35: NA
A36: FK20 2.2 | B36: 0 | C36: 4 | D36: 1 | E36: 8 | F36: 2 | G36: 0.5 | H36: NA | I36: NA | J36: NA | K36: NA
A37: FK20 2.3 | B37: 0 | C37: 4 | D37: 1 | E37: 8 | F37: 2 | G37: 0.5 | H37: NA | I37: NA | J37: NA | K37: NA
A38: Control 1.1 | B38: 1 | C38: 2 | D38: 1 | E38: 4 | F38: 1 | G38: 0.5 | H38: 2 | I38: 4 | J38: 1 | K38: 1
A39: Control 1.2 | B39: 0 | C39: 2 | D39: 1 | E39: 4 | F39: 1 | G39: 0.5 | H39: 2 | I39: 4 | J39: 1 | K39: 2
A40: Control 1.2 | B40: 1 | C40: 1 | D40: 1 | E40: 4 | F40: 1 | G40: 0.5 | H40: 2 | I40: 2 | J40: 1 | K40: 1
A41: Control 2.1 | B41: 0 | C41: 0.5 | D41: 1 | E41: 8 | F41: 1 | G41: 0.25 | H41: 2 | I41: 2 | J41: 1 | K41: 0.5
A42: Control 2.2 | B42: 0 | C42: 0.5 | D42: 2 | E42: 8 | F42: 0.5 | G42: 0.125 | H42: 2 | I42: 2 | J42: 0.5 | K42: 0.5
A43: Control 2.3 | B43: 0 | C43: 1 | D43: 1 | E43: 8 | F43: 1 | G43: 0.25 | H43: 2 | I43: 2 | J43: 0.5 | K43: 0.5

Sheet Fig. S9
A1: Strain | B1: oprL | C1: MIC_melittin | D1: MIC_pexiganan | E1: MIC_cecropin P1 | F1: MIC_PA-13 | G1: MIC_FK20 | H1: MIC_SLM1 | I1: MIC_SLM3 | J1: MIC_p-FdK5 | K1: MIC_p-FdK5 20/80
A2: Melittin 1.1 | B2: 0 | C2: 64 | D2: 8 | E2: 512 | F2: 4 | G2: 1 | H2: NA | I2: NA | J2: NA | K2: NA
A3: Melittin 1.2 | B3: 0 | C3: 32 | D3: 8 | E3: 512 | F3: 8 | G3: 1 | H3: NA | I3: NA | J3: NA | K3: NA
A4: Melittin 1.3 | B4: 0 | C4: 32 | D4: 16 | E4: 1024 | F4: 8 | G4: 1 | H4: NA | I4: NA | J4: NA | K4: NA
A5: Melittin 2.1 | B5: 0 | C5: 2 | D5: 1 | E5: 8 | F5: 4 | G5: 0.5 | H5: NA | I5: NA | J5: NA | K5: NA
A6: Melittin 2.2 | B6: 0 | C6: 2 | D6: 2 | E6: 4 | F6: 0.5 | G6: 0.25 | H6: NA | I6: NA | J6: NA | K6: NA
A7: Melittin 2.3 | B7: 1 | C7: 4 | D7: 2 | E7: 8 | F7: 2 | G7: 0.5 | H7: NA | I7: NA | J7: NA | K7: NA
A8: Pexiganan 1.1 | B8: 0 | C8: 4 | D8: 4 | E8: 1024 | F8: 2 | G8: 0.5 | H8: NA | I8: NA | J8: NA | K8: NA
A9: Pexiganan 1.2 | B9: 0 | C9: 16 | D9: 16 | E9: 1024 | F9: 8 | G9: 1 | H9: NA | I9: NA | J9: NA | K9: NA
A10: Pexiganan 1.3 | B10: 0 | C10: 32 | D10: 16 | E10: 512 | F10: 8 | G10: 1 | H10: NA | I10: NA | J10: NA | K10: NA
A11: Pexiganan 2.1 | B11: 1 | C11: 16 | D11: 8 | E11: 512 | F11: 4 | G11: 0.5 | H11: NA | I11: NA | J11: NA | K11: NA
A12: Pexiganan 2.2 | B12: 1 | C12: 16 | D12: 8 | E12: 128 | F12: 4 | G12: 0.5 | H12: NA | I12: NA | J12: NA | K12: NA
A13: Pexiganan 2.3 | B13: 1 | C13: 16 | D13: 8 | E13: 256 | F13: 4 | G13: 1 | H13: NA | I13: NA | J13: NA | K13: NA
... A25: PA-13 2.3 | B25: 1 | C25: 4 | D25: 1 | E25: 4 | F25: 2 | G25: 0.25 | H25: NA | I25: NA | J25: NA | K25: NA
A26: SLM1 1.1 | B26: 0 | C26: NA | D26: NA | E26: NA | F26: NA | G26: NA | H26: 4 | I26: 8 | J26: 16 | K26: 8
A27: SLM1 1.2 | B27: 0 | C27: NA | D27: NA | E27: NA | F27: NA | G27: NA | H27: 8 | I27: 8 | J27: 8 | K27: 4
A28: SLM1 1.3 | B28: 0 | C28: NA | D28: NA | E28: NA | F28: NA | G28: NA | H28: 4 | I28: 4 | J28: 4 | K28: 4
A29: SLM1 2.1 | B29: 1 | C29: NA | D29: NA | E29: NA | F29: NA | G29: NA | H29: 4 | I29: 8 | J29: 1 | K29: 2
A30: SLM1 2.2 | B30: 1 | C30: NA | D30: NA | E30: NA | F30: NA | G30: NA | H30: 4 | I30: 8 | J30: 1 | K30: 2
A31: SLM1 2.3 | B31: 1 | C31: NA | D31: NA | E31: NA | F31: NA | G31: NA | H31: 8 | I31: 8 | J31: 1 | K31: 2
A32: FK20 1.1 | B32: 0 | C32: 0.5 | D32: 1 | E32: 2 | F32: 4 | G32: 0.5 | H32: NA | I32: NA | J32: NA | K32: NA
A33: FK20 1.2 | B33: 0 | C33: 2 | D33: 1 | E33: 8 | F33: 8 | G33: 1 | H33: NA | I33: NA | J33: NA | K33: NA
A34: FK20 1.3 | B34: 0 | C34: 1 | D34: 2 | E34: 4 | F34: 8 | G34: 1 | H34: NA | I34: NA | J34: NA | K34: NA
A35: FK20 2.1 | B35: 1 | C35: 4 | D35: 2 | E35: 8 | F35: 2 | G35: 0.5 | H35: NA | I35: NA | J35: NA | K35: NA
A36: FK20 2.2 | B36: 1 | C36: 4 | D36: 1 | E36: 8 | F36: 2 | G36: 0.5 | H36: NA | I36: NA | J36: NA | K36: NA
A37: FK20 2.3 | B37: 1 | C37: 4 | D37: 1 | E37: 8 | F37: 2 | G37: 0.5 | H37: NA | I37: NA | J37: NA | K37: NA
A38: Control 1.1 | B38: 0 | C38: 2 | D38: 1 | E38: 4 | F38: 1 | G38: 0.5 | H38: 2 | I38: 4 | J38: 1 | K38: 1
A39: Control 1.2 | B39: 0 | C39: 2 | D39: 1 | E39: 4 | F39: 1 | G39: 0.5 | H39: 2 | I39: 4 | J39: 1 | K39: 2
A40: Control 1.2 | B40: 0 | C40: 1 | D40: 1 | E40: 4 | F40: 1 | G40: 0.5 | H40: 2 | I40: 2 | J40: 1 | K40: 1
A41: Control 2.1 | B41: 1 | C41: 0.5 | D41: 1 | E41: 8 | F41: 1 | G41: 0.25 | H41: 2 | I41: 2 | J41: 1 | K41: 0.5
A42: Control 2.2 | B42: 1 | C42: 0.5 | D42: 2 | E42: 8 | F42: 0.5 | G42: 0.125 | H42: 2 | I42: 2 | J42: 0.5 | K42: 0.5
A43: Control 2.3 | B43: 0 | C43: 1 | D43: 1 | E43: 8 | F43: 1 | G43: 0.25 | H43: 2 | I43: 2 | J43: 0.5 | K43: 0.5

Sheet Fig. S10
A1: Strain | B1: lasR | C1: MIC_melittin | D1: MIC_pexiganan | E1: MIC_cecropin P1 | F1: MIC_PA-13 | G1: MIC_FK20 | H1: MIC_SLM1 | I1: MIC_SLM3 | J1: MIC_p-FdK5 | K1: MIC_p-FdK5 20/80
A2: Melittin 1.1 | B2: 1 | C2: 64 | D2: 8 | E2: 512 | F2: 4 | G2: 1 | H2: NA | I2: NA | J2: NA | K2: NA
A3: Melittin 1.2 | B3: 0 | C3: 32 | D3: 8 | E3: 512 | F3: 8 | G3: 1 | H3: NA | I3: NA | J3: NA | K3: NA
A4: Melittin 1.3 | B4: 1 | C4: 32 | D4: 16 | E4: 1024 | F4: 8 | G4: 1 | H4: NA | I4: NA | J4: NA | K4: NA
A5: Melittin 2.1 | B5: 1 | C5: 2 | D5: 1 | E5: 8 | F5: 4 | G5: 0.5 | H5: NA | I5: NA | J5: NA | K5: NA
A6: Melittin 2.2 | B6: 1 | C6: 2 | D6: 2 | E6: 4 | F6: 0.5 | G6: 0.25 | H6: NA | I6: NA | J6: NA | K6: NA
A7: Melittin 2.3 | B7: 1 | C7: 4 | D7: 2 | E7: 8 | F7: 2 | G7: 0.5 | H7: NA | I7: NA | J7: NA | K7: NA
A8: Pexiganan 1.1 | B8: 0 | C8: 4 | D8: 4 | E8: 1024 | F8: 2 | G8: 0.5 | H8: NA | I8: NA | J8: NA | K8: NA
A9: Pexiganan 1.2 | B9: 0 | C9: 16 | D9: 16 | E9: 1024 | F9: 8 | G9: 1 | H9: NA | I9: NA | J9: NA | K9: NA
A10: Pexiganan 1.3 | B10: 0 | C10: 32 | D10: 16 | E10: 512 | F10: 8 | G10: 1 | H10: NA | I10: NA | J10: NA | K10: NA
A11: Pexiganan 2.1 | B11: 1 | C11: 16 | D11: 8 | E11: 512 | F11: 4 | G11: 0.5 | H11: NA | I11: NA | J11: NA | K11: NA
A12: Pexiganan 2.2 | B12: 1 | C12: 16 | D12: 8 | E12: 128 | F12: 4 | G12: 0.5 | H12: NA | I12: NA | J12: NA | K12: NA
A13: Pexiganan 2.3 | B13: 1 | C13: 16 | D13: 8 | E13: 256 | F13: 4 | G13: 1 | H13: NA | I13: NA | J13: NA | K13: NA
... A25: PA-13 2.3 | B25: 0 | C25: 4 | D25: 1 | E25: 4 | F25: 2 | G25: 0.25 | H25: NA | I25: NA | J25: NA | K25: NA
A26: SLM1 1.1 | B26: 1 | C26: NA | D26: NA | E26: NA | F26: NA | G26: NA | H26: 4 | I26: 8 | J26: 16 | K26: 8
A27: SLM1 1.2 | B27: 0 | C27: NA | D27: NA | E27: NA | F27: NA | G27: NA | H27: 8 | I27: 8 | J27: 8 | K27: 4
A28: SLM1 1.3 | B28: 1 | C28: NA | D28: NA | E28: NA | F28: NA | G28: NA | H28: 4 | I28: 4 | J28: 4 | K28: 4
A29: SLM1 2.1 | B29: 0 | C29: NA | D29: NA | E29: NA | F29: NA | G29: NA | H29: 4 | I29: 8 | J29: 1 | K29: 2
A30: SLM1 2.2 | B30: 0 | C30: NA | D30: NA | E30: NA | F30: NA | G30: NA | H30: 4 | I30: 8 | J30: 1 | K30: 2
A31: SLM1 2.3 | B31: 1 | C31: NA | D31: NA | E31: NA | F31: NA | G31: NA | H31: 8 | I31: 8 | J31: 1 | K31: 2
A32: FK20 1.1 | B32: 0 | C32: 0.5 | D32: 1 | E32: 2 | F32: 4 | G32: 0.5 | H32: NA | I32: NA | J32: NA | K32: NA
A33: FK20 1.2 | B33: 0 | C33: 2 | D33: 1 | E33: 8 | F33: 8 | G33: 1 | H33: NA | I33: NA | J33: NA | K33: NA
A34: FK20 1.3 | B34: 0 | C34: 1 | D34: 2 | E34: 4 | F34: 8 | G34: 1 | H34: NA | I34: NA | J34: NA | K34: NA
A35: FK20 2.1 | B35: 0 | C35: 4 | D35: 2 | E35: 8 | F35: 2 | G35: 0.5 | H35: NA | I35: NA | J35: NA | K35: NA
A36: FK20 2.2 | B36: 0 | C36: 4 | D36: 1 | E36: 8 | F36: 2 | G36: 0.5 | H36: NA | I36: NA | J36: NA | K36: NA
A37: FK20 2.3 | B37: 0 | C37: 4 | D37: 1 | E37: 8 | F37: 2 | G37: 0.5 | H37: NA | I37: NA | J37: NA | K37: NA
A38: Control 1.1 | B38: 1 | C38: 2 | D38: 1 | E38: 4 | F38: 1 | G38: 0.5 | H38: 2 | I38: 4 | J38: 1 | K38: 1
A39: Control 1.2 | B39: 1 | C39: 2 | D39: 1 | E39: 4 | F39: 1 | G39: 0.5 | H39: 2 | I39: 4 | J39: 1 | K39: 2
A40: Control 1.2 | B40: 0 | C40: 1 | D40: 1 | E40: 4 | F40: 1 | G40: 0.5 | H40: 2 | I40: 2 | J40: 1 | K40: 1
A41: Control 2.1 | B41: 1 | C41: 0.5 | D41: 1 | E41: 8 | F41: 1 | G41: 0.25 | H41: 2 | I41: 2 | J41: 1 | K41: 0.5
A42: Control 2.2 | B42: 0 | C42: 0.5 | D42: 2 | E42: 8 | F42: 0.5 | G42: 0.125 | H42: 2 | I42: 2 | J42: 0.5 | K42: 0.5
A43: Control 2.3 | B43: 1 | C43: 1 | D43: 1 | E43: 8 | F43: 1 | G43: 0.25 | H43: 2 | I43: 2 | J43: 0.5 | K43: 0.5

Sheet Fig. S11
A1: Strain | B1: wbp genes | C1: MIC_melittin | D1: MIC_pexiganan | E1: MIC_cecropin P1 | F1: MIC_PA-13 | G1: MIC_FK20 | H1: MIC_SLM1 | I1: MIC_SLM3 | J1: MIC_p-FdK5 | K1: MIC_p-FdK5 20/80
A2: Melittin 1.1 | B2: 0 | C2: 64 | D2: 8 | E2: 512 | F2: 4 | G2: 1 | H2: NA | I2: NA | J2: NA | K2: NA
A3: Melittin 1.2 | B3: 0 | C3: 32 | D3: 8 | E3: 512 | F3: 8 | G3: 1 | H3: NA | I3: NA | J3: NA | K3: NA
A4: Melittin 1.3 | B4: 1 | C4: 32 | D4: 16 | E4: 1024 | F4: 8 | G4: 1 | H4: NA | I4: NA | J4: NA | K4: NA
A5: Melittin 2.1 | B5: 0 | C5: 2 | D5: 1 | E5: 8 | F5: 4 | G5: 0.5 | H5: NA | I5: NA | J5: NA | K5: NA
A6: Melittin 2.2 | B6: 1 | C6: 2 | D6: 2 | E6: 4 | F6: 0.5 | G6: 0.25 | H6: NA | I6: NA | J6: NA | K6: NA
A7: Melittin 2.3 | B7: 1 | C7: 4 | D7: 2 | E7: 8 | F7: 2 | G7: 0.5 | H7: NA | I7: NA | J7: NA | K7: NA
A8: Pexiganan 1.1 | B8: 1 | C8: 4 | D8: 4 | E8: 1024 | F8: 2 | G8: 0.5 | H8: NA | I8: NA | J8: NA | K8: NA
A9: Pexiganan 1.2 | B9: 0 | C9: 16 | D9: 16 | E9: 1024 | F9: 8 | G9: 1 | H9: NA | I9: NA | J9: NA | K9: NA
A10: Pexiganan 1.3 | B10: 0 | C10: 32 | D10: 16 | E10: 512 | F10: 8 | G10: 1 | H10: NA | I10: NA | J10: NA | K10: NA
A11: Pexiganan 2.1 | B11: 0 | C11: 16 | D11: 8 | E11: 512 | F11: 4 | G11: 0.5 | H11: NA | I11: NA | J11: NA | K11: NA
A12: Pexiganan 2.2 | B12: 1 | C12: 16 | D12: 8 | E12: 128 | F12: 4 | G12: 0.5 | H12: NA | I12: NA | J12: NA | K12: NA
A13: Pexiganan 2.3 | B13: 0 | C13: 16 | D13: 8 | E13: 256 | F13: 4 | G13: 1 | H13: NA | I13: NA | J13: NA | K13: NA
... A25: PA-13 2.3 | B25: 0 | C25: 4 | D25: 1 | E25: 4 | F25: 2 | G25: 0.25 | H25: NA | I25: NA | J25: NA | K25: NA
A26: SLM1 1.1 | B26: 0 | C26: NA | D26: NA | E26: NA | F26: NA | G26: NA | H26: 4 | I26: 8 | J26: 16 | K26: 8
A27: SLM1 1.2 | B27: 1 | C27: NA | D27: NA | E27: NA | F27: NA | G27: NA | H27: 8 | I27: 8 | J27: 8 | K27: 4
A28: SLM1 1.3 | B28: 0 | C28: NA | D28: NA | E28: NA | F28: NA | G28: NA | H28: 4 | I28: 4 | J28: 4 | K28: 4
A29: SLM1 2.1 | B29: 1 | C29: NA | D29: NA | E29: NA | F29: NA | G29: NA | H29: 4 | I29: 8 | J29: 1 | K29: 2
A30: SLM1 2.2 | B30: 1 | C30: NA | D30: NA | E30: NA | F30: NA | G30: NA | H30: 4 | I30: 8 | J30: 1 | K30: 2
A31: SLM1 2.3 | B31: 1 | C31: NA | D31: NA | E31: NA | F31: NA | G31: NA | H31: 8 | I31: 8 | J31: 1 | K31: 2
A32: FK20 1.1 | B32: 0 | C32: 0.5 | D32: 1 | E32: 2 | F32: 4 | G32: 0.5 | H32: NA | I32: NA | J32: NA | K32: NA
A33: FK20 1.2 | B33: 0 | C33: 2 | D33: 1 | E33: 8 | F33: 8 | G33: 1 | H33: NA | I33: NA | J33: NA | K33: NA
A34: FK20 1.3 | B34: 1 | C34: 1 | D34: 2 | E34: 4 | F34: 8 | G34: 1 | H34: NA | I34: NA | J34: NA | K34: NA
A35: FK20 2.1 | B35: 0 | C35: 4 | D35: 2 | E35: 8 | F35: 2 | G35: 0.5 | H35: NA | I35: NA | J35: NA | K35: NA
A36: FK20 2.2 | B36: 1 | C36: 4 | D36: 1 | E36: 8 | F36: 2 | G36: 0.5 | H36: NA | I36: NA | J36: NA | K36: NA
A37: FK20 2.3 | B37: 0 | C37: 4 | D37: 1 | E37: 8 | F37: 2 | G37: 0.5 | H37: NA | I37: NA | J37: NA | K37: NA
A38: Control 1.1 | B38: 0 | C38: 2 | D38: 1 | E38: 4 | F38: 1 | G38: 0.5 | H38: 2 | I38: 4 | J38: 1 | K38: 1
A39: Control 1.2 | B39: 0 | C39: 2 | D39: 1 | E39: 4 | F39: 1 | G39: 0.5 | H39: 2 | I39: 4 | J39: 1 | K39: 2
A40: Control 1.2 | B40: 0 | C40: 1 | D40: 1 | E40: 4 | F40: 1 | G40: 0.5 | H40: 2 | I40: 2 | J40: 1 | K40: 1
A41: Control 2.1 | B41: 1 | C41: 0.5 | D41: 1 | E41: 8 | F41: 1 | G41: 0.25 | H41: 2 | I41: 2 | J41: 1 | K41: 0.5
A42: Control 2.2 | B42: 1 | C42: 0.5 | D42: 2 | E42: 8 | F42: 0.5 | G42: 0.125 | H42: 2 | I42: 2 | J42: 0.5 | K42: 0.5
A43: Control 2.3 | B43: 0 | C43: 1 | D43: 1 | E43: 8 | F43: 1 | G43: 0.25 | H43: 2 | I43: 2 | J43: 0.5 | K43: 0.5

Sheet Fig. S12
A1: Strain | B1: phoQ | C1: MIC_melittin | D1: MIC_pexiganan | E1: MIC_cecropin P1 | F1: MIC_PA-13 | G1: MIC_FK20 | H1: MIC_SLM1 | I1: MIC_SLM3 | J1: MIC_p-FdK5 | K1: MIC_p-FdK5 20/80
A2: Melittin 1.1 | B2: 0 | C2: 64 | D2: 8 | E2: 512 | F2: 4 | G2: 1 | H2: NA | I2: NA | J2: NA | K2: NA
A3: Melittin 1.2 | B3: 0 | C3: 32 | D3: 8 | E3: 512 | F3: 8 | G3: 1 | H3: NA | I3: NA | J3: NA | K3: NA
A4: Melittin 1.3 | B4: 0 | C4: 32 | D4: 16 | E4: 1024 | F4: 8 | G4: 1 | H4: NA | I4: NA | J4: NA | K4: NA
A5: Melittin 2.1 | B5: 0 | C5: 2 | D5: 1 | E5: 8 | F5: 4 | G5: 0.5 | H5: NA | I5: NA | J5: NA | K5: NA
A6: Melittin 2.2 | B6: 0 | C6: 2 | D6: 2 | E6: 4 | F6: 0.5 | G6: 0.25 | H6: NA | I6: NA | J6: NA | K6: NA
A7: Melittin 2.3 | B7: 0 | C7: 4 | D7: 2 | E7: 8 | F7: 2 | G7: 0.5 | H7: NA | I7: NA | J7: NA | K7: NA
A8: Pexiganan 1.1 | B8: 1 | C8: 4 | D8: 4 | E8: 1024 | F8: 2 | G8: 0.5 | H8: NA | I8: NA | J8: NA | K8: NA
A9: Pexiganan 1.2 | B9: 0 | C9: 16 | D9: 16 | E9: 1024 | F9: 8 | G9: 1 | H9: NA | I9: NA | J9: NA | K9: NA
A10: Pexiganan 1.3 | B10: 0 | C10: 32 | D10: 16 | E10: 512 | F10: 8 | G10: 1 | H10: NA | I10: NA | J10: NA | K10: NA
A11: Pexiganan 2.1 | B11: 0 | C11: 16 | D11: 8 | E11: 512 | F11: 4 | G11: 0.5 | H11: NA | I11: NA | J11: NA | K11: NA
A12: Pexiganan 2.2 | B12: 1 | C12: 16 | D12: 8 | E12: 128 | F12: 4 | G12: 0.5 | H12: NA | I12: NA | J12: NA | K12: NA
A13: Pexiganan 2.3 | B13: 1 | C13: 16 | D13: 8 | E13: 256 | F13: 4 | G13: 1 | H13: NA | I13: NA | J13: NA | K13: NA
... A25: PA-13 2.3 | B25: 1 | C25: 4 | D25: 1 | E25: 4 | F25: 2 | G25: 0.25 | H25: NA | I25: NA | J25: NA | K25: NA
A26: SLM1 1.1 | B26: 1 | C26: NA | D26: NA | E26: NA | F26: NA | G26: NA | H26: 4 | I26: 8 | J26: 16 | K26: 8
A27: SLM1 1.2 | B27: 1 | C27: NA | D27: NA | E27: NA | F27: NA | G27: NA | H27: 8 | I27: 8 | J27: 8 | K27: 4
A28: SLM1 1.3 | B28: 1 | C28: NA | D28: NA | E28: NA | F28: NA | G28: NA | H28: 4 | I28: 4 | J28: 4 | K28: 4
A29: SLM1 2.1 | B29: 1 | C29: NA | D29: NA | E29: NA | F29: NA | G29: NA | H29: 4 | I29: 8 | J29: 1 | K29: 2
A30: SLM1 2.2 | B30: 1 | C30: NA | D30: NA | E30: NA | F30: NA | G30: NA | H30: 4 | I30: 8 | J30: 1 | K30: 2
A31: SLM1 2.3 | B31: 1 | C31: NA | D31: NA | E31: NA | F31: NA | G31: NA | H31: 8 | I31: 8 | J31: 1 | K31: 2
A32: FK20 1.1 | B32: 0 | C32: 0.5 | D32: 1 | E32: 2 | F32: 4 | G32: 0.5 | H32: NA | I32: NA | J32: NA | K32: NA
A33: FK20 1.2 | B33: 1 | C33: 2 | D33: 1 | E33: 8 | F33: 8 | G33: 1 | H33: NA | I33: NA | J33: NA | K33: NA
A34: FK20 1.3 | B34: 0 | C34: 1 | D34: 2 | E34: 4 | F34: 8 | G34: 1 | H34: NA | I34: NA | J34: NA | K34: NA
A35: FK20 2.1 | B35: 1 | C35: 4 | D35: 2 | E35: 8 | F35: 2 | G35: 0.5 | H35: NA | I35: NA | J35: NA | K35: NA
A36: FK20 2.2 | B36: 1 | C36: 4 | D36: 1 | E36: 8 | F36: 2 | G36: 0.5 | H36: NA | I36: NA | J36: NA | K36: NA
A37: FK20 2.3 | B37: 1 | C37: 4 | D37: 1 | E37: 8 | F37: 2 | G37: 0.5 | H37: NA | I37: NA | J37: NA | K37: NA
A38: Control 1.1 | B38: 0 | C38: 2 | D38: 1 | E38: 4 | F38: 1 | G38: 0.5 | H38: 2 | I38: 4 | J38: 1 | K38: 1
A39: Control 1.2 | B39: 0 | C39: 2 | D39: 1 | E39: 4 | F39: 1 | G39: 0.5 | H39: 2 | I39: 4 | J39: 1 | K39: 2
A40: Control 1.2 | B40: 0 | C40: 1 | D40: 1 | E40: 4 | F40: 1 | G40: 0.5 | H40: 2 | I40: 2 | J40: 1 | K40: 1
A41: Control 2.1 | B41: 0 | C41: 0.5 | D41: 1 | E41: 8 | F41: 1 | G41: 0.25 | H41: 2 | I41: 2 | J41: 1 | K41: 0.5
A42: Control 2.2 | B42: 0 | C42: 0.5 | D42: 2 | E42: 8 | F42: 0.5 | G42: 0.125 | H42: 2 | I42: 2 | J42: 0.5 | K42: 0.5
A43: Control 2.3 | B43: 0 | C43: 1 | D43: 1 | E43: 8 | F43: 1 | G43: 0.25 | H43: 2 | I43: 2 | J43: 0.5 | K43: 0.5

Sheet Fig. S13
A1: Strain | B1: Lag time | C1: lasR | D1: phoQ | E1: tpbB | F1: oprL | G1: wbp genes
A2: Melittin 1.1 | B2: 1.2123894 | C2: 1 | D2: 0 | E2: 1 | F2: 0 | G2: 0
A3: Melittin 1.2 | B3: 0.94368463 | C3: 0 | D3: 0 | E3: 0 | F3: 0 | G3: 0
A4: Melittin 1.3 | B4: 1.5205149 | C4: 1 | D4: 0 | E4: 1 | F4: 0 | G4: 1
A5: Melittin 2.1 | B5: 0.89621883 | C5: 1 | D5: 0 | E5: 0 | F5: 0 | G5: 0
A6: Melittin 2.2 | B6: 1.1520515 | C6: 1 | D6: 0 | E6: 0 | F6: 0 | G6: 1
A7: Melittin 2.3 | B7: 0.83185841 | C7: 1 | D7: 0 | E7: 0 | F7: 1 | G7: 1
A8: Pexiganan 1.1 | B8: 2.9975865 | C8: 0 | D8: 1 | E8: 1 | F8: 0 | G8: 1
A9: Pexiganan 1.2 | B9: 3.7522124 | C9: 0 | D9: 0 | E9: 1 | F9: 0 | G9: 0
A10: Pexiganan 1.3 | B10: 1.9292035 | C10: 0 | D10: 0 | E10: 1 | F10: 0 | G10: 0
A11: Pexiganan 2.1 | B11: 1.0474658 | C11: 1 | D11: 0 | E11: 0 | F11: 1 | G11: 0
A12: Pexiganan 2.2 | B12: 1.3974256 | C12: 1 | D12: 1 | E12: 0 | F12: 1 | G12: 1
A13: Pexiganan 2.3 | B13: 1.4119067 | C13: 1 | D13: 1 | E13: 0 | F13: 1 | G13: 0
... A55: Control 2.3 | B55: 0.95897023 | C55: 1 | D55: 0 | E55: 0 | F55: 0 | G55: 0
